Cytokine,Diet,Centrality
IL_4,Placebo,13884.62537
IL_1b,Placebo,2196.910215
TNFa,Placebo,2073.808752
IL_5,Placebo,2051.710165
IL_12p4,Placebo,1683.318723
IL_1RA,Placebo,1354.847275
IL_13,Placebo,799.7795038
IL_1b,Prebiotic,12560.13191
IL_12p4,Prebiotic,11785.9832
IL_4,Prebiotic,8279.642751
IL_5,Prebiotic,7566.638374
IL_13,Prebiotic,6417.118671
TNFa,Prebiotic,5653.53565
IL_1RA,Prebiotic,2350.949451
